,Accuracy,Precision,Recall
Active/Inactive 1,0.9666666666666667,0.95,1.0
Active/Inactive 2,0.9,0.8947368421052632,0.9444444444444444
